{"last_download_failure": 1641793676.0814166, "last_download_success": 1641721074.0863132, "unseen_downloads": []}