{"last_download_success": 1641793382.926071, "unseen_downloads": [], "last_download_failure": 1641793675.0779667}