{"last_download_success": 1641793601.8740747, "unseen_downloads": [], "last_download_failure": 1641793673.0707493}