{"last_download_success": 1640669059.193238, "unseen_downloads": [], "last_download_failure": 1641793670.652546}