{"last_download_success": 1641793070.0805368, "unseen_downloads": [], "last_download_failure": 1641793674.0746875}